{
  "age": 50,
  "cityName": {
    "value": " kolkata",
    "viewValue": "Kolkata"
  },
  "countryName": {
    "value": "india",
    "viewValue": "India"
  },
  "createdby": "self",
  "dob": "Wednesday, June 14, 2017",
  "email": "jhon@gmail.com",
  "firstName": "cdfd",
  "gender": "male",
  "lastName": "fdsfds",
  "stateName": {
    "value": "westbengal",
    "viewValue": "West Bengal"
  },
  "uid": "5snjd3H6P0ZKgkQ3cJMziL8wAWJ3"
}, {
"age": 18,
"caste": {
"value": "intercaste",
"viewValue": "Intercaste"
},
"city": {
"value": " kolkata",
"viewValue": "Kolkata"
},
"cityName": {
"value": "asansol",
"viewValue": "Asansol"
},
"country": {
"value": "india",
"viewValue": "India"
},
"countryName": {
"value": "india",
"viewValue": "India"
},
"createdby": {
"value": "widowwidower",
"viewValue": "Sibling"
},
"dob": "Wednesday, July 7, 1999",
"email": "son@gmail.com",
"firstName": "dfd",
"gender": {
"value": "female",
"viewValue": "Female"
},
"lastName": "dffdf",
"maritialstatus": {
"value": "divorced",
"viewValue": "Divorced"
},
"mothertongue": {
"value": "marwari",
"viewValue": "Marwari"
},
"path": "/P5icnMxwGGaZNrI2xtL06dDYcgf2/email.png",
"profileimage": "email.png",
"religion": {
"value": "muslimsuni",
"viewValue": "Muslim-Sunni"
},
"stateName": {
"value": "westbengal",
"viewValue": "West Bengal"
},
"states": {
"value": "westbengal",
"viewValue": "West Bengal"
},
"uid": "P5icnMxwGGaZNrI2xtL06dDYcgf2",
"updatedOn": "Friday, July 14, 2017",
"userImage": [{
"path": "/P5icnMxwGGaZNrI2xtL06dDYcgf2/email.png",
"profileimage": "email.png"
}]
}, {
"age": 18,
"caste": {
"value": "ahom",
"viewValue": "Ahom"
},
"city": {
"value": "kanpur",
"viewValue": "Kanpur"
},
"country": {
"value": "india",
"viewValue": "India"
},
"createdOn": "Monday, July 10, 2017",
"createdby": {
"value": "parent",
"viewValue": "Parent"
},
"dob": "Tuesday, March 2, 1999",
"email": "jamil@gmail.com",
"firstName": "jamil",
"gender": {
"value": "female",
"viewValue": "Female"
},
"lastName": "jamil",
"maritialstatus": {
"value": "nevermarried",
"viewValue": "Never Married"
},
"mothertongue": {
"value": "marwari",
"viewValue": "Marwari"
},
"religion": {
"value": "muslimshia",
"viewValue": "Muslim-Shia"
},
"states": {
"value": "uttarpradesh",
"viewValue": "Uttar Pradesh"
},
"uid": "QiE3myJE7mQiY2N2vc4btiLNgOJ2",
"updatedOn": "Monday, July 10, 2017"
}, {
"age": 18,
"caste": {
"value": "intercaste",
"viewValue": "Intercaste"
},
"city": {
"value": " kolkata",
"viewValue": "Kolkata"
},
"country": {
"value": "india",
"viewValue": "India"
},
"createdOn": "7/20/2017, 1:46 PM",
"createdby": {
"value": "brother",
"viewValue": "Brother"
},
"dob": "7/7/1999",
"email": "women@gmail.com",
"firstName": "sdsd",
"gender": {
"value": "female",
"viewValue": "Female"
},
"lastName": "sdds",
"maritialstatus": {
"value": "awaitingdivorce",
"viewValue": "Awaiting Divorce"
},
"mothertongue": {
"value": "hindi",
"viewValue": "Hindi"
},
"religion": {
"value": "muslimsuni",
"viewValue": "Muslim-Sunni"
},
"sourceid": "IN522550871",
"states": {
"value": "westbengal",
"viewValue": "West Bengal"
},
"targetid": 490794817,
"uid": "ixe7V7fBgqU4a9Y9pHV3fHdf3lF2",
"updatedOn": "7/20/2017, 3:22 PM"
}
